group,doc,person_a,person_b,source,relation,direction,evidence,unsure,notes
0,1,Kathy Reeves <kathy.reeves@enron.com>,Robin Rodrigue <robin.rodrigue@enron.com>,candidate,,,,,
0,1,Kathy Reeves <kathy.reeves@enron.com>,Jeff Sears <jeff.sears@enron.com>,candidate,,,,,
0,1,Kathy Reeves <kathy.reeves@enron.com>,Brian Kristjansen <brian.kristjansen@enron.com>,candidate,,,,,
0,1,Kathy Reeves <kathy.reeves@enron.com>,Kam,candidate,,,,,
0,1,Robin Rodrigue <robin.rodrigue@enron.com>,Jeff Sears <jeff.sears@enron.com>,candidate,,,,,
0,1,Robin Rodrigue <robin.rodrigue@enron.com>,Brian Kristjansen <brian.kristjansen@enron.com>,candidate,,,,,
0,1,Robin Rodrigue <robin.rodrigue@enron.com>,Kam,candidate,,,,,
0,1,Jeff Sears <jeff.sears@enron.com>,Brian Kristjansen <brian.kristjansen@enron.com>,candidate,,,,,
0,1,Jeff Sears <jeff.sears@enron.com>,Kam,candidate,,,,,
0,1,Brian Kristjansen <brian.kristjansen@enron.com>,Kam,candidate,,,,,
0,2,Kathy Reeves <kathy.reeves@enron.com>,Gary Stadler <gary.stadler@enron.com>,candidate,,,,,
0,2,Kathy Reeves <kathy.reeves@enron.com>,Robin Rodrigue <robin.rodrigue@enron.com>,candidate,,,,,
0,2,Kathy Reeves <kathy.reeves@enron.com>,Frank Hayden <frank.hayden@enron.com>,candidate,,,,,
0,3,Kathy Reeves <kathy.reeves@enron.com>,Robin Rodrigue <robin.rodrigue@enron.com>,candidate,,,,,
0,3,Kathy Reeves <kathy.reeves@enron.com>,Jonathan Mckay <jonathan.mckay@enron.com>,candidate,,,,,
0,4,Kathy Reeves <kathy.reeves@enron.com>,Robin Rodrigue <robin.rodrigue@enron.com>,candidate,,,,,
0,4,Kathy Reeves <kathy.reeves@enron.com>,Gary Stadler <gary.stadler@enron.com>,candidate,,,,,
0,4,Kathy Reeves <kathy.reeves@enron.com>,Frank Hayden <frank.hayden@enron.com>,candidate,,,,,
1,1,Rod Hayslett <rod.hayslett@enron.com>,Steve Hotte <steve.hotte@enron.com>,candidate,,,,,
1,1,Rod Hayslett <rod.hayslett@enron.com>,Tracy Geaccone <tracy.geaccone@enron.com>,candidate,,,,,
1,1,Rod Hayslett <rod.hayslett@enron.com>,Beck,candidate,,,,,
1,1,Rod Hayslett <rod.hayslett@enron.com>,Sally Sent,candidate,,,,,
1,1,Steve Hotte <steve.hotte@enron.com>,Beck,candidate,,,,,
1,1,Steve Hotte <steve.hotte@enron.com>,Sally Sent,candidate,,,,,
1,1,Tracy Geaccone <tracy.geaccone@enron.com>,Beck,candidate,,,,,
1,1,Tracy Geaccone <tracy.geaccone@enron.com>,Sally Sent,candidate,,,,,
1,1,Beck,Sally Sent,candidate,,,,,
1,2,Joe Darensbourg <joe.darensbourg@enron.com>,Pat Prendergast <pat.prendergast@enron.com>,candidate,,,,,
1,2,Joe Darensbourg <joe.darensbourg@enron.com>,Lee Baker <lee.baker@enron.com>,candidate,,,,,
1,2,Joe Darensbourg <joe.darensbourg@enron.com>,Tracy Geaccone <tracy.geaccone@enron.com>,candidate,,,,,
1,2,Joe Darensbourg <joe.darensbourg@enron.com>,Tracy Sent,candidate,,,,,
1,2,Pat Prendergast <pat.prendergast@enron.com>,Lee Baker <lee.baker@enron.com>,candidate,,,,,
1,2,Pat Prendergast <pat.prendergast@enron.com>,Tracy Geaccone <tracy.geaccone@enron.com>,candidate,,,,,
1,2,Pat Prendergast <pat.prendergast@enron.com>,Tracy Sent,candidate,,,,,
1,2,Lee Baker <lee.baker@enron.com>,Tracy Geaccone <tracy.geaccone@enron.com>,candidate,,,,,
1,2,Lee Baker <lee.baker@enron.com>,Tracy Sent,candidate,,,,,
1,2,Tracy Geaccone <tracy.geaccone@enron.com>,Tracy Sent,candidate,,,,,
1,3,Howard <a..howard@enron.com>,Tracy Geaccone <tracy.geaccone@enron.com>,candidate,,,,,
1,3,Howard <a..howard@enron.com>,James Saunders <james.saunders@enron.com>,candidate,,,,,
1,4,Dana Jones <dana.jones@enron.com>,Elaine Concklin <elaine.concklin@enron.com>,candidate,,,,,
1,4,Dana Jones <dana.jones@enron.com>,Steve Gilbert <steve.gilbert@enron.com>,candidate,,,,,
1,4,Dana Jones <dana.jones@enron.com>,Tracy Geaccone <tracy.geaccone@enron.com>,candidate,,,,,
1,4,Dana Jones <dana.jones@enron.com>,Fitch,candidate,,,,,
1,4,Elaine Concklin <elaine.concklin@enron.com>,Steve Gilbert <steve.gilbert@enron.com>,candidate,,,,,
1,4,Elaine Concklin <elaine.concklin@enron.com>,Tracy Geaccone <tracy.geaccone@enron.com>,candidate,,,,,
1,4,Elaine Concklin <elaine.concklin@enron.com>,Fitch,candidate,,,,,
1,4,Steve Gilbert <steve.gilbert@enron.com>,Tracy Geaccone <tracy.geaccone@enron.com>,candidate,,,,,
1,4,Steve Gilbert <steve.gilbert@enron.com>,Fitch,candidate,,,,,
1,4,Tracy Geaccone <tracy.geaccone@enron.com>,Fitch,candidate,,,,,
2,1,Mark Elliott <mark.elliott@enron.com>,Mark Taylor <mark.taylor@enron.com>,candidate,,,,,
2,1,Mark Elliott <mark.elliott@enron.com>,Susan Gill <susan.gill@omgroup.com>,candidate,,,,,
2,1,Mark Taylor <mark.taylor@enron.com>,Susan Gill <susan.gill@omgroup.com>,candidate,,,,,
2,2,Maria Nartey <maria.nartey@enron.com>,Jeff Harbert <jeff.harbert@enron.com>,candidate,,,,,
2,2,Maria Nartey <maria.nartey@enron.com>,Richard Sage <richard.sage@enron.com>,candidate,,,,,
2,2,Maria Nartey <maria.nartey@enron.com>,Barry Pearce <barry.pearce@enron.com>,candidate,,,,,
2,2,Maria Nartey <maria.nartey@enron.com>,Mark Taylor <mark.taylor@enron.com>,candidate,,,,,
2,2,Jeff Harbert <jeff.harbert@enron.com>,Richard Sage <richard.sage@enron.com>,candidate,,,,,
2,2,Jeff Harbert <jeff.harbert@enron.com>,Barry Pearce <barry.pearce@enron.com>,candidate,,,,,
2,2,Jeff Harbert <jeff.harbert@enron.com>,Mark Taylor <mark.taylor@enron.com>,candidate,,,,,
2,2,Richard Sage <richard.sage@enron.com>,Barry Pearce <barry.pearce@enron.com>,candidate,,,,,
2,2,Richard Sage <richard.sage@enron.com>,Mark Taylor <mark.taylor@enron.com>,candidate,,,,,
2,2,Barry Pearce <barry.pearce@enron.com>,Mark Taylor <mark.taylor@enron.com>,candidate,,,,,
2,3,Mark Elliott <mark.elliott@enron.com>,Mark Taylor <mark.taylor@enron.com>,candidate,,,,,
2,3,Mark Elliott <mark.elliott@enron.com>,Bob Crane <bob.crane@enron.com>,candidate,,,,,
2,3,Mark Elliott <mark.elliott@enron.com>,Barry Pearce <barry.pearce@enron.com>,candidate,,,,,
2,3,Mark Elliott <mark.elliott@enron.com>,Maria Nartey <maria.nartey@enron.com>,candidate,,,,,
2,3,Mark Taylor <mark.taylor@enron.com>,Bob Crane <bob.crane@enron.com>,candidate,,,,,
2,3,Mark Taylor <mark.taylor@enron.com>,Barry Pearce <barry.pearce@enron.com>,candidate,,,,,
2,3,Mark Taylor <mark.taylor@enron.com>,Maria Nartey <maria.nartey@enron.com>,candidate,,,,,
2,4,Mark Elliott <mark.elliott@enron.com>,Mark Maria Nartey,candidate,,,,,
2,4,Mark Elliott <mark.elliott@enron.com>,Richard Sage <richard.sage@enron.com>,candidate,,,,,
2,4,Mark Elliott <mark.elliott@enron.com>,Barry Pearce <barry.pearce@enron.com>,candidate,,,,,
2,4,Mark Elliott <mark.elliott@enron.com>,Mark Taylor <mark.taylor@enron.com>,candidate,,,,,
2,4,Mark Maria Nartey,Richard Sage <richard.sage@enron.com>,candidate,,,,,
2,4,Mark Maria Nartey,Barry Pearce <barry.pearce@enron.com>,candidate,,,,,
2,4,Mark Maria Nartey,Mark Taylor <mark.taylor@enron.com>,candidate,,,,,
2,4,Richard Sage <richard.sage@enron.com>,Barry Pearce <barry.pearce@enron.com>,candidate,,,,,
2,4,Richard Sage <richard.sage@enron.com>,Mark Taylor <mark.taylor@enron.com>,candidate,,,,,
2,4,Barry Pearce <barry.pearce@enron.com>,Mark Taylor <mark.taylor@enron.com>,candidate,,,,,
3,1,Laurie Ellis <laurie.ellis@enron.com>,Jane Tholt <jane.tholt@enron.com>,candidate,,,,,
3,1,Laurie Ellis <laurie.ellis@enron.com>,Patti Sullivan <patti.sullivan@enron.com>,candidate,,,,,
3,1,Jane Tholt <jane.tholt@enron.com>,Patti Sullivan <patti.sullivan@enron.com>,candidate,,,,,
3,2,Mike Grigsby <mike.grigsby@enron.com>,Jane Tholt <jane.tholt@enron.com>,candidate,,,,,
3,2,Mike Grigsby <mike.grigsby@enron.com>,Tori Kuykendall <tori.kuykendall@enron.com>,candidate,,,,,
3,2,Mike Grigsby <mike.grigsby@enron.com>,Mike Swerzbin,candidate,,,,,
3,2,Mike Grigsby <mike.grigsby@enron.com>,Jeffrey Oh on,candidate,,,,,
3,2,Jane Tholt <jane.tholt@enron.com>,Mike Swerzbin,candidate,,,,,
3,2,Jane Tholt <jane.tholt@enron.com>,Jeffrey Oh on,candidate,,,,,
3,2,Tori Kuykendall <tori.kuykendall@enron.com>,Mike Swerzbin,candidate,,,,,
3,2,Tori Kuykendall <tori.kuykendall@enron.com>,Jeffrey Oh on,candidate,,,,,
3,2,Mike Swerzbin,Jeffrey Oh on,candidate,,,,,
3,3,Jane Tholt <jane.tholt@enron.com>,Tori Kuykendall <tori.kuykendall@enron.com>,candidate,,,,,
3,3,Jane Tholt <jane.tholt@enron.com>,Patti Sullivan <patti.sullivan@enron.com>,candidate,,,,,
3,3,Jane Tholt <jane.tholt@enron.com>,Richard - TPRMI,candidate,,,,,
3,3,Jane Tholt <jane.tholt@enron.com>,Cluff,candidate,,,,,
3,3,Tori Kuykendall <tori.kuykendall@enron.com>,Richard - TPRMI,candidate,,,,,
3,3,Tori Kuykendall <tori.kuykendall@enron.com>,Cluff,candidate,,,,,
3,3,Patti Sullivan <patti.sullivan@enron.com>,Richard - TPRMI,candidate,,,,,
3,3,Patti Sullivan <patti.sullivan@enron.com>,Cluff,candidate,,,,,
3,3,Richard - TPRMI,Cluff,candidate,,,,,
3,4,Jane Tholt <jane.tholt@enron.com>,Mike Grigsby <mike.grigsby@enron.com>,candidate,,,,,
3,4,Jane Tholt <jane.tholt@enron.com>,Patti Sullivan <patti.sullivan@enron.com>,candidate,,,,,
3,4,Jane Tholt <jane.tholt@enron.com>,Tori Kuykendall <tori.kuykendall@enron.com>,candidate,,,,,
3,4,Jane Tholt <jane.tholt@enron.com>,Darla Saucier,candidate,,,,,
3,4,Mike Grigsby <mike.grigsby@enron.com>,Darla Saucier,candidate,,,,,
3,4,Patti Sullivan <patti.sullivan@enron.com>,Darla Saucier,candidate,,,,,
3,4,Tori Kuykendall <tori.kuykendall@enron.com>,Darla Saucier,candidate,,,,,
4,1,Lynn Aven <lynn.aven@enron.com>,Michael Guerriero <michael.guerriero@enron.com>,candidate,,,,,
4,1,Lynn Aven <lynn.aven@enron.com>,Brent Hendry <brent.hendry@enron.com>,candidate,,,,,
4,1,Michael Guerriero <michael.guerriero@enron.com>,Brent Hendry <brent.hendry@enron.com>,candidate,,,,,
4,2,David Dupre <david.dupre@enron.com>,Sara Shackleton <sara.shackleton@enron.com>,candidate,,,,,
4,2,David Dupre <david.dupre@enron.com>,Bob Bowen <bob.bowen@enron.com>,candidate,,,,,
4,2,David Dupre <david.dupre@enron.com>,Larry Hunter <larry.hunter@enron.com>,candidate,,,,,
4,2,David Dupre <david.dupre@enron.com>,PJM,candidate,,,,,
4,2,Sara Shackleton <sara.shackleton@enron.com>,PJM,candidate,,,,,
4,2,Bob Bowen <bob.bowen@enron.com>,PJM,candidate,,,,,
4,2,Larry Hunter <larry.hunter@enron.com>,PJM,candidate,,,,,
4,3,David Dupre <david.dupre@enron.com>,Sara Shackleton <sara.shackleton@enron.com>,candidate,,,,,
4,3,David Dupre <david.dupre@enron.com>,Larry Hunter <larry.hunter@enron.com>,candidate,,,,,
4,3,David Dupre <david.dupre@enron.com>,Bob Bowen <bob.bowen@enron.com>,candidate,,,,,
4,4,David Dupre <david.dupre@enron.com>,Larry Hunter <larry.hunter@enron.com>,candidate,,,,,
4,4,David Dupre <david.dupre@enron.com>,Sara Shackleton <sara.shackleton@enron.com>,candidate,,,,,
4,4,David Dupre <david.dupre@enron.com>,Aquila,candidate,,,,,
4,4,David Dupre <david.dupre@enron.com>,Dave,candidate,,,,,
4,4,Larry Hunter <larry.hunter@enron.com>,Aquila,candidate,,,,,
4,4,Larry Hunter <larry.hunter@enron.com>,Dave,candidate,,,,,
4,4,Sara Shackleton <sara.shackleton@enron.com>,Aquila,candidate,,,,,
4,4,Sara Shackleton <sara.shackleton@enron.com>,Dave,candidate,,,,,
4,4,Aquila,Dave,candidate,,,,,
5,1,Chris Gaskill <chris.gaskill@enron.com>,Tara Piazze <tara.piazze@enron.com>,candidate,,,,,
5,1,Chris Gaskill <chris.gaskill@enron.com>,Matt Smith <matt.smith@enron.com>,candidate,,,,,
5,1,Chris Gaskill <chris.gaskill@enron.com>,Tim Belden,candidate,,,,,
5,1,Chris Gaskill <chris.gaskill@enron.com>,Phillip K Allen,candidate,,,,,
5,1,Tara Piazze <tara.piazze@enron.com>,Tim Belden,candidate,,,,,
5,1,Tara Piazze <tara.piazze@enron.com>,Phillip K Allen,candidate,,,,,
5,1,Matt Smith <matt.smith@enron.com>,Tim Belden,candidate,,,,,
5,1,Matt Smith <matt.smith@enron.com>,Phillip K Allen,candidate,,,,,
5,1,Tim Belden,Phillip K Allen,candidate,,,,,
5,2,Matt Smith <matt.smith@enron.com>,Chris Hyde <chris.hyde@enron.com>,candidate,,,,,
5,2,Matt Smith <matt.smith@enron.com>,Tara Piazze <tara.piazze@enron.com>,candidate,,,,,
5,2,Matt Smith <matt.smith@enron.com>,Mat PS,candidate,,,,,
5,2,Matt Smith <matt.smith@enron.com>,Colin Tonks,candidate,,,,,
5,2,Chris Hyde <chris.hyde@enron.com>,Tara Piazze <tara.piazze@enron.com>,candidate,,,,,
5,2,Chris Hyde <chris.hyde@enron.com>,Mat PS,candidate,,,,,
5,2,Chris Hyde <chris.hyde@enron.com>,Colin Tonks,candidate,,,,,
5,2,Tara Piazze <tara.piazze@enron.com>,Mat PS,candidate,,,,,
5,2,Tara Piazze <tara.piazze@enron.com>,Colin Tonks,candidate,,,,,
5,2,Mat PS,Colin Tonks,candidate,,,,,
5,3,Kenneth Shulklapper <kenneth.shulklapper@enron.com>,Stephen Harrington <stephen.harrington@enron.com>,candidate,,,,,
5,3,Kenneth Shulklapper <kenneth.shulklapper@enron.com>,Matt Smith <matt.smith@enron.com>,candidate,,,,,
5,3,Kenneth Shulklapper <kenneth.shulklapper@enron.com>,Steve,candidate,,,,,
5,3,Stephen Harrington <stephen.harrington@enron.com>,Matt Smith <matt.smith@enron.com>,candidate,,,,,
5,3,Stephen Harrington <stephen.harrington@enron.com>,Steve,candidate,,,,,
5,3,Matt Smith <matt.smith@enron.com>,Steve,candidate,,,,,
5,4,Joseph Wagner <joseph.wagner@enron.com>,Matt Smith <matt.smith@enron.com>,candidate,,,,,
5,4,Joseph Wagner <joseph.wagner@enron.com>,Vincent Wagner <vincent.wagner@enron.com>,candidate,,,,,
5,4,Joseph Wagner <joseph.wagner@enron.com>,Ted Bland,candidate,,,,,
5,4,Joseph Wagner <joseph.wagner@enron.com>,Joe,candidate,,,,,
5,4,Matt Smith <matt.smith@enron.com>,Vincent Wagner <vincent.wagner@enron.com>,candidate,,,,,
5,4,Matt Smith <matt.smith@enron.com>,Ted Bland,candidate,,,,,
5,4,Matt Smith <matt.smith@enron.com>,Joe,candidate,,,,,
5,4,Vincent Wagner <vincent.wagner@enron.com>,Ted Bland,candidate,,,,,
5,4,Vincent Wagner <vincent.wagner@enron.com>,Joe,candidate,,,,,
5,4,Ted Bland,Joe,candidate,,,,,
6,1,Eric Bass <eric.bass@enron.com>,Shanna Husser <shanna.husser@enron.com>,candidate,,,,,
6,1,Eric Bass <eric.bass@enron.com>,Timothy Blanchard <timothy.blanchard@enron.com>,candidate,,,,,
6,1,Eric Bass <eric.bass@enron.com>,Matthew Lenhart <matthew.lenhart@enron.com>,candidate,,,,,
6,1,Eric Bass <eric.bass@enron.com>,Chad Landry <chad.landry@enron.com>,candidate,,,,,
6,2,Bthoskins <bthoskins@hotmail.com>,Brian Hoskins <brian.hoskins@enron.com>,candidate,,,,,
6,2,Bthoskins <bthoskins@hotmail.com>,Ebass <ebass@enron.com>,candidate,,,,,
6,2,Bthoskins <bthoskins@hotmail.com>,Hcampos <hcampos@enron.com>,candidate,,,,,
6,2,Bthoskins <bthoskins@hotmail.com>,Leninej <leninej@hotmail.com>,candidate,,,,,
6,3,Eric Bass <eric.bass@enron.com>,David Baumbach <david.baumbach@enron.com>,candidate,,,,,
6,3,Eric Bass <eric.bass@enron.com>,Brian Hoskins <brian.hoskins@enron.com>,candidate,,,,,
6,3,Eric Bass <eric.bass@enron.com>,Hector Campos <hector.campos@enron.com>,candidate,,,,,
6,3,Eric Bass <eric.bass@enron.com>,Lenine Jeganathan <lenine.jeganathan@enron.com>,candidate,,,,,
6,4,Eric Bass <eric.bass@enron.com>,Matthew Lenhart <matthew.lenhart@enron.com>,candidate,,,,,
6,4,Eric Bass <eric.bass@enron.com>,Timothy Blanchard <timothy.blanchard@enron.com>,candidate,,,,,
6,4,Eric Bass <eric.bass@enron.com>,Bryan Hull <bryan.hull@enron.com>,candidate,,,,,
6,4,Eric Bass <eric.bass@enron.com>,Hector Campos <hector.campos@enron.com>,candidate,,,,,
7,1,Jaime Williams <jaime.williams@enron.com>,Lvallest <lvallest@gcc.com>,candidate,,,,,
7,1,Jaime Williams <jaime.williams@enron.com>,John Griffith <john.griffith@enron.com>,candidate,,,,,
7,1,Jaime Williams <jaime.williams@enron.com>,de Dacotah,candidate,,,,,
7,1,Jaime Williams <jaime.williams@enron.com>,de producci?n,candidate,,,,,
7,1,Lvallest <lvallest@gcc.com>,de Dacotah,candidate,,,,,
7,1,Lvallest <lvallest@gcc.com>,de producci?n,candidate,,,,,
7,1,John Griffith <john.griffith@enron.com>,de Dacotah,candidate,,,,,
7,1,John Griffith <john.griffith@enron.com>,de producci?n,candidate,,,,,
7,1,de Dacotah,de producci?n,candidate,,,,,
7,2,Agustin Perez <agustin.perez@enron.com>,Errol Mclaughlin <errol.mclaughlin@enron.com>,candidate,,,,,
7,2,Agustin Perez <agustin.perez@enron.com>,John Griffith <john.griffith@enron.com>,candidate,,,,,
7,2,Agustin Perez <agustin.perez@enron.com>,Jaime Williams <jaime.williams@enron.com>,candidate,,,,,
7,2,Errol Mclaughlin <errol.mclaughlin@enron.com>,John Griffith <john.griffith@enron.com>,candidate,,,,,
7,2,Errol Mclaughlin <errol.mclaughlin@enron.com>,Jaime Williams <jaime.williams@enron.com>,candidate,,,,,
7,3,Tanya Rohauer <tanya.rohauer@enron.com>,Frank Hayden <frank.hayden@enron.com>,candidate,,,,,
7,3,Tanya Rohauer <tanya.rohauer@enron.com>,John Griffith <john.griffith@enron.com>,candidate,,,,,
7,3,Tanya Rohauer <tanya.rohauer@enron.com>,Lea Savala,candidate,,,,,
7,3,Tanya Rohauer <tanya.rohauer@enron.com>,Vladimir Gorny,candidate,,,,,
7,3,Frank Hayden <frank.hayden@enron.com>,John Griffith <john.griffith@enron.com>,candidate,,,,,
7,3,Frank Hayden <frank.hayden@enron.com>,Lea Savala,candidate,,,,,
7,3,Frank Hayden <frank.hayden@enron.com>,Vladimir Gorny,candidate,,,,,
7,3,John Griffith <john.griffith@enron.com>,Lea Savala,candidate,,,,,
7,3,John Griffith <john.griffith@enron.com>,Vladimir Gorny,candidate,,,,,
7,3,Lea Savala,Vladimir Gorny,candidate,,,,,
7,4,Frank Hayden <frank.hayden@enron.com>,Troy Black <troy.black@enron.com>,candidate,,,,,
7,4,Frank Hayden <frank.hayden@enron.com>,Jason Williams <jason.williams@enron.com>,candidate,,,,,
7,4,Frank Hayden <frank.hayden@enron.com>,John Griffith <john.griffith@enron.com>,candidate,,,,,
7,4,Frank Hayden <frank.hayden@enron.com>,Tanya Rohauer,candidate,,,,,
7,4,Troy Black <troy.black@enron.com>,Jason Williams <jason.williams@enron.com>,candidate,,,,,
7,4,Troy Black <troy.black@enron.com>,John Griffith <john.griffith@enron.com>,candidate,,,,,
7,4,Troy Black <troy.black@enron.com>,Tanya Rohauer,candidate,,,,,
7,4,Jason Williams <jason.williams@enron.com>,John Griffith <john.griffith@enron.com>,candidate,,,,,
7,4,Jason Williams <jason.williams@enron.com>,Tanya Rohauer,candidate,,,,,
7,4,John Griffith <john.griffith@enron.com>,Tanya Rohauer,candidate,,,,,
8,1,Brant Reves <brant.reves@enron.com>,Frank Sayre <frank.sayre@enron.com>,candidate,,,,,
8,1,Brant Reves <brant.reves@enron.com>,Susan Bailey <susan.bailey@enron.com>,candidate,,,,,
8,2,Brant Reves <brant.reves@enron.com>,Frank Sayre <frank.sayre@enron.com>,candidate,,,,,
8,2,Brant Reves <brant.reves@enron.com>,Susan Bailey <susan.bailey@enron.com>,candidate,,,,,
8,3,Craig Breslau <craig.breslau@enron.com>,Susan Bailey <susan.bailey@enron.com>,candidate,,,,,
8,3,Craig Breslau <craig.breslau@enron.com>,Williams <.williams@enron.com>,candidate,,,,,
8,3,Craig Breslau <craig.breslau@enron.com>,Taylor <.taylor@enron.com>,candidate,,,,,
8,3,Craig Breslau <craig.breslau@enron.com>,Craig Subject,candidate,,,,,
8,3,Susan Bailey <susan.bailey@enron.com>,Craig Subject,candidate,,,,,
8,3,Williams <.williams@enron.com>,Craig Subject,candidate,,,,,
8,3,Taylor <.taylor@enron.com>,Craig Subject,candidate,,,,,
8,4,Susan Bailey <susan.bailey@enron.com>,Stewart Rosman <stewart.rosman@enron.com>,candidate,,,,,
8,4,Susan Bailey <susan.bailey@enron.com>,Calger <f..calger@enron.com>,candidate,,,,,
8,4,Susan Bailey <susan.bailey@enron.com>,Sara Shackleton <sara.shackleton@enron.com>,candidate,,,,,
8,4,Susan Bailey <susan.bailey@enron.com>,Edward Sacks <edward.sacks@enron.com>,candidate,,,,,
8,4,Stewart Rosman <stewart.rosman@enron.com>,Sara Shackleton <sara.shackleton@enron.com>,candidate,,,,,
8,4,Calger <f..calger@enron.com>,Sara Shackleton <sara.shackleton@enron.com>,candidate,,,,,
8,4,Sara Shackleton <sara.shackleton@enron.com>,Edward Sacks <edward.sacks@enron.com>,candidate,,,,,
9,1,Bill Iii <bill.iii@enron.com>,Ryan Slinger <ryan.slinger@enron.com>,candidate,,,,,
9,1,Bill Iii <bill.iii@enron.com>,Bert Meyers <bert.meyers@enron.com>,candidate,,,,,
9,1,Bill Iii <bill.iii@enron.com>,Leaf Harasin <leaf.harasin@enron.com>,candidate,,,,,
9,1,Bill Iii <bill.iii@enron.com>,Eric Linder <eric.linder@enron.com>,candidate,,,,,
9,2,Cara Semperger <cara.semperger@enron.com>,Lisa Gang <lisa.gang@enron.com>,candidate,,,,,
9,2,Cara Semperger <cara.semperger@enron.com>,Stacy Runswick <stacy.runswick@enron.com>,candidate,,,,,
9,3,Barbara Hankins <barbara.hankins@enron.com>,Chad Landry <chad.landry@enron.com>,candidate,,,,,
9,3,Barbara Hankins <barbara.hankins@enron.com>,Marc Pederson <marc.pederson@enron.com>,candidate,,,,,
9,3,Barbara Hankins <barbara.hankins@enron.com>,Sheila Knudsen <sheila.knudsen@enron.com>,candidate,,,,,
9,3,Barbara Hankins <barbara.hankins@enron.com>,Imceanotes Ibuyit <imceanotes-ibuyit@enron.com>,candidate,,,,,
9,3,Chad Landry <chad.landry@enron.com>,Marc Pederson <marc.pederson@enron.com>,candidate,,,,,
9,3,Chad Landry <chad.landry@enron.com>,Sheila Knudsen <sheila.knudsen@enron.com>,candidate,,,,,
9,3,Chad Landry <chad.landry@enron.com>,Imceanotes Ibuyit <imceanotes-ibuyit@enron.com>,candidate,,,,,
9,3,Marc Pederson <marc.pederson@enron.com>,Sheila Knudsen <sheila.knudsen@enron.com>,candidate,,,,,
9,3,Marc Pederson <marc.pederson@enron.com>,Imceanotes Ibuyit <imceanotes-ibuyit@enron.com>,candidate,,,,,
9,3,Sheila Knudsen <sheila.knudsen@enron.com>,Imceanotes Ibuyit <imceanotes-ibuyit@enron.com>,candidate,,,,,
9,4,Bill Iii <bill.iii@enron.com>,Steven Merris <steven.merris@enron.com>,candidate,,,,,
9,4,Bill Iii <bill.iii@enron.com>,David Porter <david.porter@enron.com>,candidate,,,,,
9,4,Bill Iii <bill.iii@enron.com>,Steve,candidate,,,,,
9,4,Steven Merris <steven.merris@enron.com>,David Porter <david.porter@enron.com>,candidate,,,,,
9,4,Steven Merris <steven.merris@enron.com>,Steve,candidate,,,,,
9,4,David Porter <david.porter@enron.com>,Steve,candidate,,,,,
10,1,Dgagliardi <dgagliardi@reliantenergy.com>,Chay <chay@reliantenergy.com>,candidate,,,,,
10,1,Dgagliardi <dgagliardi@reliantenergy.com>,Clint Dean <clint.dean@enron.com>,candidate,,,,,
10,1,Dgagliardi <dgagliardi@reliantenergy.com>,David M Gagliardi,candidate,,,,,
10,1,Dgagliardi <dgagliardi@reliantenergy.com>,Michael Gagliardi,candidate,,,,,
10,1,Chay <chay@reliantenergy.com>,David M Gagliardi,candidate,,,,,
10,1,Chay <chay@reliantenergy.com>,Michael Gagliardi,candidate,,,,,
10,1,Clint Dean <clint.dean@enron.com>,David M Gagliardi,candidate,,,,,
10,1,Clint Dean <clint.dean@enron.com>,Michael Gagliardi,candidate,,,,,
10,1,David M Gagliardi,Michael Gagliardi,candidate,,,,,
10,2,Dgagliardi <dgagliardi@reliant.com>,Chay <chay@reliant.com>,candidate,,,,,
10,2,Dgagliardi <dgagliardi@reliant.com>,Clint Dean <clint.dean@enron.com>,candidate,,,,,
10,2,Dgagliardi <dgagliardi@reliant.com>,David M Gagliardi,candidate,,,,,
10,2,Dgagliardi <dgagliardi@reliant.com>,Michael Gagliardi,candidate,,,,,
10,2,Chay <chay@reliant.com>,David M Gagliardi,candidate,,,,,
10,2,Chay <chay@reliant.com>,Michael Gagliardi,candidate,,,,,
10,2,Clint Dean <clint.dean@enron.com>,David M Gagliardi,candidate,,,,,
10,2,Clint Dean <clint.dean@enron.com>,Michael Gagliardi,candidate,,,,,
10,2,David M Gagliardi,Michael Gagliardi,candidate,,,,,
10,3,Dgagliardi <dgagliardi@reliantenergy.com>,Clint Dean <clint.dean@enron.com>,candidate,,,,,
10,3,Dgagliardi <dgagliardi@reliantenergy.com>,David M Gagliardi,candidate,,,,,
10,3,Dgagliardi <dgagliardi@reliantenergy.com>,Tracy Ralston,candidate,,,,,
10,3,Dgagliardi <dgagliardi@reliantenergy.com>,Jerry Scarbrough's,candidate,,,,,
10,3,Clint Dean <clint.dean@enron.com>,David M Gagliardi,candidate,,,,,
10,3,Clint Dean <clint.dean@enron.com>,Tracy Ralston,candidate,,,,,
10,3,Clint Dean <clint.dean@enron.com>,Jerry Scarbrough's,candidate,,,,,
10,3,David M Gagliardi,Tracy Ralston,candidate,,,,,
10,3,David M Gagliardi,Jerry Scarbrough's,candidate,,,,,
10,3,Tracy Ralston,Jerry Scarbrough's,candidate,,,,,
10,4,Mdenney <mdenney@nortelnetworks.com>,Clint Dean <clint.dean@enron.com>,candidate,,,,,
10,4,Mdenney <mdenney@nortelnetworks.com>,Bdenney <bdenney@momentumsoftware.com>,candidate,,,,,
10,4,Mdenney <mdenney@nortelnetworks.com>,Bryan,candidate,,,,,
10,4,Mdenney <mdenney@nortelnetworks.com>,Tom Kimpel,candidate,,,,,
10,4,Clint Dean <clint.dean@enron.com>,Bdenney <bdenney@momentumsoftware.com>,candidate,,,,,
10,4,Clint Dean <clint.dean@enron.com>,Bryan,candidate,,,,,
10,4,Clint Dean <clint.dean@enron.com>,Tom Kimpel,candidate,,,,,
10,4,Bdenney <bdenney@momentumsoftware.com>,Bryan,candidate,,,,,
10,4,Bdenney <bdenney@momentumsoftware.com>,Tom Kimpel,candidate,,,,,
10,4,Bryan,Tom Kimpel,candidate,,,,,
11,1,Angela Mcculloch <angela.mcculloch@enron.com>,Attila Pazmandi <attila.pazmandi@enron.com>,candidate,,,,,
11,1,Angela Mcculloch <angela.mcculloch@enron.com>,Dan Dietrich <dan.dietrich@enron.com>,candidate,,,,,
11,1,Angela Mcculloch <angela.mcculloch@enron.com>,JOHN LAVORATO,candidate,,,,,
11,1,Attila Pazmandi <attila.pazmandi@enron.com>,JOHN LAVORATO,candidate,,,,,
11,1,Dan Dietrich <dan.dietrich@enron.com>,JOHN LAVORATO,candidate,,,,,
11,2,Kimberly Hillis <kimberly.hillis@enron.com>,Rick Buy <rick.buy@enron.com>,candidate,,,,,
11,2,Kimberly Hillis <kimberly.hillis@enron.com>,Ted Murphy <ted.murphy@enron.com>,candidate,,,,,
11,2,Kimberly Hillis <kimberly.hillis@enron.com>,John,candidate,,,,,
11,2,Rick Buy <rick.buy@enron.com>,John,candidate,,,,,
11,2,Ted Murphy <ted.murphy@enron.com>,John,candidate,,,,,
11,3,Aleck Dadson <aleck.dadson@enron.com>,John Lavorato <john.lavorato@enron.com>,candidate,,,,,
11,3,Aleck Dadson <aleck.dadson@enron.com>,Robert Hemstock <robert.hemstock@enron.com>,candidate,,,,,
11,3,Aleck Dadson <aleck.dadson@enron.com>,J. Sutton,candidate,,,,,
11,3,Aleck Dadson <aleck.dadson@enron.com>,Jim Wilson,candidate,,,,,
11,3,John Lavorato <john.lavorato@enron.com>,Robert Hemstock <robert.hemstock@enron.com>,candidate,,,,,
11,3,John Lavorato <john.lavorato@enron.com>,J. Sutton,candidate,,,,,
11,3,John Lavorato <john.lavorato@enron.com>,Jim Wilson,candidate,,,,,
11,3,Robert Hemstock <robert.hemstock@enron.com>,J. Sutton,candidate,,,,,
11,3,Robert Hemstock <robert.hemstock@enron.com>,Jim Wilson,candidate,,,,,
11,3,J. Sutton,Jim Wilson,candidate,,,,,
11,4,John Lavorato <john.lavorato@enron.com>,Rob Milnthorp <rob.milnthorp@enron.com>,candidate,,,,,
11,4,John Lavorato <john.lavorato@enron.com>,Kyle Kitagawa <kyle.kitagawa@enron.com>,candidate,,,,,
12,1,Mark Schrab <mark.schrab@enron.com>,Nelson Ferries <nelson.ferries@enron.com>,candidate,,,,,
12,1,Mark Schrab <mark.schrab@enron.com>,Tom Donohoe <tom.donohoe@enron.com>,candidate,,,,,
12,1,Mark Schrab <mark.schrab@enron.com>,Kevin Ruscitti <kevin.ruscitti@enron.com>,candidate,,,,,
12,1,Mark Schrab <mark.schrab@enron.com>,Francis,candidate,,,,,
12,1,Nelson Ferries <nelson.ferries@enron.com>,Tom Donohoe <tom.donohoe@enron.com>,candidate,,,,,
12,1,Nelson Ferries <nelson.ferries@enron.com>,Kevin Ruscitti <kevin.ruscitti@enron.com>,candidate,,,,,
12,1,Nelson Ferries <nelson.ferries@enron.com>,Francis,candidate,,,,,
12,1,Tom Donohoe <tom.donohoe@enron.com>,Francis,candidate,,,,,
12,1,Kevin Ruscitti <kevin.ruscitti@enron.com>,Francis,candidate,,,,,
12,2,Tom Donohoe <tom.donohoe@enron.com>,Kelli Stevens <kelli.stevens@enron.com>,candidate,,,,,
12,2,Tom Donohoe <tom.donohoe@enron.com>,Kevin Ruscitti <kevin.ruscitti@enron.com>,candidate,,,,,
12,2,Tom Donohoe <tom.donohoe@enron.com>,Jesse Villarreal <jesse.villarreal@enron.com>,candidate,,,,,
12,2,Tom Donohoe <tom.donohoe@enron.com>,Ragan Bond,candidate,,,,,
12,2,Kelli Stevens <kelli.stevens@enron.com>,Ragan Bond,candidate,,,,,
12,2,Kevin Ruscitti <kevin.ruscitti@enron.com>,Ragan Bond,candidate,,,,,
12,2,Jesse Villarreal <jesse.villarreal@enron.com>,Ragan Bond,candidate,,,,,
12,3,Ruth Concannon <ruth.concannon@enron.com>,Kevin Ruscitti <kevin.ruscitti@enron.com>,candidate,,,,,
12,3,Ruth Concannon <ruth.concannon@enron.com>,Martin Cuilla <martin.cuilla@enron.com>,candidate,,,,,
12,3,Ruth Concannon <ruth.concannon@enron.com>,Lisa Kinsey <lisa.kinsey@enron.com>,candidate,,,,,
12,3,Ruth Concannon <ruth.concannon@enron.com>,Hunter Shively <hunter.shively@enron.com>,candidate,,,,,
12,4,Chris Germany <chris.germany@enron.com>,Dkinney <dkinney@columbiaenergygroup.com>,candidate,,,,,
12,4,Chris Germany <chris.germany@enron.com>,Kevin Ruscitti <kevin.ruscitti@enron.com>,candidate,,,,,
12,4,Chris Germany <chris.germany@enron.com>,Cora Pendergrass <cora.pendergrass@enron.com>,candidate,,,,,
12,4,Chris Germany <chris.germany@enron.com>,Jeffrey,candidate,,,,,
12,4,Dkinney <dkinney@columbiaenergygroup.com>,Kevin Ruscitti <kevin.ruscitti@enron.com>,candidate,,,,,
12,4,Dkinney <dkinney@columbiaenergygroup.com>,Cora Pendergrass <cora.pendergrass@enron.com>,candidate,,,,,
12,4,Dkinney <dkinney@columbiaenergygroup.com>,Jeffrey,candidate,,,,,
12,4,Kevin Ruscitti <kevin.ruscitti@enron.com>,Jeffrey,candidate,,,,,
12,4,Cora Pendergrass <cora.pendergrass@enron.com>,Jeffrey,candidate,,,,,
13,1,Julie Kearney <julie.kearney@enron.com>,Grace Rodriguez <grace.rodriguez@enron.com>,candidate,,,,,
13,2,Announcements Enron <announcements.enron@enron.com>,Ken Lay,candidate,,,,,
13,3,Dale Rasmussen <dale.rasmussen@enron.com>,Christian Yoder <christian.yoder@enron.com>,candidate,,,,,
13,3,Dale Rasmussen <dale.rasmussen@enron.com>,Christian Sent,candidate,,,,,
13,3,Dale Rasmussen <dale.rasmussen@enron.com>,Steve Hall,candidate,,,,,
13,3,Christian Yoder <christian.yoder@enron.com>,Christian Sent,candidate,,,,,
13,3,Christian Yoder <christian.yoder@enron.com>,Steve Hall,candidate,,,,,
13,3,Christian Sent,Steve Hall,candidate,,,,,
14,1,Larry Hunter <larry.hunter@enron.com>,Peter Keavey <peter.keavey@enron.com>,candidate,,,,,
14,1,Larry Hunter <larry.hunter@enron.com>,Kam Keiser <kam.keiser@enron.com>,candidate,,,,,
14,1,Larry Hunter <larry.hunter@enron.com>,William Kelly <william.kelly@enron.com>,candidate,,,,,
14,1,Larry Hunter <larry.hunter@enron.com>,Jeffrey Gossett <jeffrey.gossett@enron.com>,candidate,,,,,
14,2,Peter Keavey <peter.keavey@enron.com>,Rahil Jafry <rahil.jafry@enron.com>,candidate,,,,,
14,2,Peter Keavey <peter.keavey@enron.com>,Jeffrey Shankman <jeffrey.shankman@enron.com>,candidate,,,,,
14,3,Peter Keavey <peter.keavey@enron.com>,Mike Grigsby <mike.grigsby@enron.com>,candidate,,,,,
14,3,Peter Keavey <peter.keavey@enron.com>,Tori Kuykendall <tori.kuykendall@enron.com>,candidate,,,,,
14,3,Peter Keavey <peter.keavey@enron.com>,Tom,candidate,,,,,
14,3,Mike Grigsby <mike.grigsby@enron.com>,Tom,candidate,,,,,
14,3,Tori Kuykendall <tori.kuykendall@enron.com>,Tom,candidate,,,,,
14,4,Riordm <riordm@tdusa.com>,Kelsey,candidate,,,,,
14,4,Riordm <riordm@tdusa.com>,Allison > Sent,candidate,,,,,
14,4,Pkeavey <pkeavey@enron.com>,Kelsey,candidate,,,,,
14,4,Pkeavey <pkeavey@enron.com>,Allison > Sent,candidate,,,,,
14,4,Acolangelo <acolangelo@ur.com>,Kelsey,candidate,,,,,
14,4,Acolangelo <acolangelo@ur.com>,Allison > Sent,candidate,,,,,
14,4,Kelsey,Allison > Sent,candidate,,,,,
15,1,Gwdorsey <gwdorsey@aol.com>,Jeffrey Shankman <jeffrey.a.shankman@enron.com>,candidate,,,,,
15,1,Gwdorsey <gwdorsey@aol.com>,Whalley <whalley@enron.com>,candidate,,,,,
15,1,Gwdorsey <gwdorsey@aol.com>,John,candidate,,,,,
15,1,Gwdorsey <gwdorsey@aol.com>,George Dorsey,candidate,,,,,
15,1,Jeffrey Shankman <jeffrey.a.shankman@enron.com>,John,candidate,,,,,
15,1,Jeffrey Shankman <jeffrey.a.shankman@enron.com>,George Dorsey,candidate,,,,,
15,1,Whalley <whalley@enron.com>,John,candidate,,,,,
15,1,Whalley <whalley@enron.com>,George Dorsey,candidate,,,,,
15,1,John,George Dorsey,candidate,,,,,
15,2,Douglas Friedman <douglas.friedman@enron.com>,Jeffrey Shankman <jeffrey.shankman@enron.com>,candidate,,,,,
15,2,Douglas Friedman <douglas.friedman@enron.com>,John Nowlan <john.nowlan@enron.com>,candidate,,,,,
15,2,Douglas Friedman <douglas.friedman@enron.com>,Jeff,candidate,,,,,
15,2,Jeffrey Shankman <jeffrey.shankman@enron.com>,John Nowlan <john.nowlan@enron.com>,candidate,,,,,
15,2,Jeffrey Shankman <jeffrey.shankman@enron.com>,Jeff,candidate,,,,,
15,2,John Nowlan <john.nowlan@enron.com>,Jeff,candidate,,,,,
15,3,Karen Marshall <karen.marshall@enron.com>,Shankman <a..shankman@enron.com>,candidate,,,,,
15,3,Karen Marshall <karen.marshall@enron.com>,Christie Patrick <christie.patrick@enron.com>,candidate,,,,,
15,3,Karen Marshall <karen.marshall@enron.com>,Billy Lemmons <billy.lemmons@enron.com>,candidate,,,,,
15,3,Karen Marshall <karen.marshall@enron.com>,Jeff,candidate,,,,,
15,3,Shankman <a..shankman@enron.com>,Jeff,candidate,,,,,
15,3,Christie Patrick <christie.patrick@enron.com>,Jeff,candidate,,,,,
15,3,Billy Lemmons <billy.lemmons@enron.com>,Jeff,candidate,,,,,
15,4,Rick Buy <rick.buy@enron.com>,Mike Mcconnell <mike.mcconnell@enron.com>,candidate,,,,,
15,4,Rick Buy <rick.buy@enron.com>,Jeff Shankman,candidate,,,,,
15,4,Rick Buy <rick.buy@enron.com>,Brackett,candidate,,,,,
15,4,Rick Buy <rick.buy@enron.com>,Debbie R. Sent,candidate,,,,,
15,4,Mike Mcconnell <mike.mcconnell@enron.com>,Jeff Shankman,candidate,,,,,
15,4,Mike Mcconnell <mike.mcconnell@enron.com>,Brackett,candidate,,,,,
15,4,Mike Mcconnell <mike.mcconnell@enron.com>,Debbie R. Sent,candidate,,,,,
15,4,Jeff Shankman,Brackett,candidate,,,,,
15,4,Jeff Shankman,Debbie R. Sent,candidate,,,,,
15,4,Brackett,Debbie R. Sent,candidate,,,,,
16,1,Frazier King <frazier.king@enron.com>,Martha Braddy <martha.braddy@enron.com>,candidate,,,,,
16,1,Frazier King <frazier.king@enron.com>,Joe Hartsoe <joe.hartsoe@enron.com>,candidate,,,,,
16,1,Frazier King <frazier.king@enron.com>,Janet Butler <janet.butler@enron.com>,candidate,,,,,
16,1,Frazier King <frazier.king@enron.com>,Lori Pinder <lori.pinder@enron.com>,candidate,,,,,
16,1,Martha Braddy <martha.braddy@enron.com>,Joe Hartsoe <joe.hartsoe@enron.com>,candidate,,,,,
16,1,Martha Braddy <martha.braddy@enron.com>,Janet Butler <janet.butler@enron.com>,candidate,,,,,
16,1,Martha Braddy <martha.braddy@enron.com>,Lori Pinder <lori.pinder@enron.com>,candidate,,,,,
16,2,Linda Trevino <linda.trevino@enron.com>,Bill Rapp <bill.rapp@enron.com>,candidate,,,,,
16,2,Linda Trevino <linda.trevino@enron.com>,Teb Lokey <teb.lokey@enron.com>,candidate,,,,,
16,2,Bill Rapp <bill.rapp@enron.com>,Teb Lokey <teb.lokey@enron.com>,candidate,,,,,
16,3,Frazier King <frazier.king@enron.com>,Maria Pavlou <maria.pavlou@enron.com>,candidate,,,,,
16,3,Frazier King <frazier.king@enron.com>,Bill Rapp <bill.rapp@enron.com>,candidate,,,,,
16,3,Frazier King <frazier.king@enron.com>,Maria Sent,candidate,,,,,
16,3,Frazier King <frazier.king@enron.com>,King Jr.,candidate,,,,,
16,3,Maria Pavlou <maria.pavlou@enron.com>,Bill Rapp <bill.rapp@enron.com>,candidate,,,,,
16,3,Maria Pavlou <maria.pavlou@enron.com>,Maria Sent,candidate,,,,,
16,3,Maria Pavlou <maria.pavlou@enron.com>,King Jr.,candidate,,,,,
16,3,Bill Rapp <bill.rapp@enron.com>,Maria Sent,candidate,,,,,
16,3,Bill Rapp <bill.rapp@enron.com>,King Jr.,candidate,,,,,
16,3,Maria Sent,King Jr.,candidate,,,,,
16,4,Paul Cherry <paul.cherry@enron.com>,Steven Harris <steven.harris@enron.com>,candidate,,,,,
16,4,Paul Cherry <paul.cherry@enron.com>,Kimberly Watson <kimberly.watson@enron.com>,candidate,,,,,
16,4,Paul Cherry <paul.cherry@enron.com>,Bill Rapp <bill.rapp@enron.com>,candidate,,,,,
16,4,Paul Cherry <paul.cherry@enron.com>,Howard <a..howard@enron.com>,candidate,,,,,
16,4,Steven Harris <steven.harris@enron.com>,Bill Rapp <bill.rapp@enron.com>,candidate,,,,,
16,4,Kimberly Watson <kimberly.watson@enron.com>,Bill Rapp <bill.rapp@enron.com>,candidate,,,,,
16,4,Bill Rapp <bill.rapp@enron.com>,Howard <a..howard@enron.com>,candidate,,,,,
17,1,Robert Neustaedter <robert.neustaedter@enron.com>,Landwehr <m..landwehr@enron.com>,candidate,,,,,
17,1,Robert Neustaedter <robert.neustaedter@enron.com>,Paul Kaufman <paul.kaufman@enron.com>,candidate,,,,,
17,1,Robert Neustaedter <robert.neustaedter@enron.com>,Mark Whitt <mark.whitt@enron.com>,candidate,,,,,
17,1,Robert Neustaedter <robert.neustaedter@enron.com>,Harry Kingerski <harry.kingerski@enron.com>,candidate,,,,,
17,1,Landwehr <m..landwehr@enron.com>,Paul Kaufman <paul.kaufman@enron.com>,candidate,,,,,
17,1,Landwehr <m..landwehr@enron.com>,Mark Whitt <mark.whitt@enron.com>,candidate,,,,,
17,1,Landwehr <m..landwehr@enron.com>,Harry Kingerski <harry.kingerski@enron.com>,candidate,,,,,
17,1,Paul Kaufman <paul.kaufman@enron.com>,Mark Whitt <mark.whitt@enron.com>,candidate,,,,,
17,1,Paul Kaufman <paul.kaufman@enron.com>,Harry Kingerski <harry.kingerski@enron.com>,candidate,,,,,
17,1,Mark Whitt <mark.whitt@enron.com>,Harry Kingerski <harry.kingerski@enron.com>,candidate,,,,,
17,2,Jake Thomas <jake.thomas@enron.com>,Mark Whitt <mark.whitt@enron.com>,candidate,,,,,
17,2,Jake Thomas <jake.thomas@enron.com>,Steve Walton <steve.walton@enron.com>,candidate,,,,,
17,2,Jake Thomas <jake.thomas@enron.com>,Mark Sent,candidate,,,,,
17,2,Jake Thomas <jake.thomas@enron.com>,Jake Subject,candidate,,,,,
17,2,Mark Whitt <mark.whitt@enron.com>,Steve Walton <steve.walton@enron.com>,candidate,,,,,
17,2,Mark Whitt <mark.whitt@enron.com>,Mark Sent,candidate,,,,,
17,2,Mark Whitt <mark.whitt@enron.com>,Jake Subject,candidate,,,,,
17,2,Steve Walton <steve.walton@enron.com>,Mark Sent,candidate,,,,,
17,2,Steve Walton <steve.walton@enron.com>,Jake Subject,candidate,,,,,
17,2,Mark Sent,Jake Subject,candidate,,,,,
17,3,Lucci <t..lucci@enron.com>,Barry Tycholiz <barry.tycholiz@enron.com>,candidate,,,,,
17,3,Lucci <t..lucci@enron.com>,Mark Whitt <mark.whitt@enron.com>,candidate,,,,,
17,3,Lucci <t..lucci@enron.com>,Karen Taylor,candidate,,,,,
17,3,Lucci <t..lucci@enron.com>,Subject,candidate,,,,,
17,3,Barry Tycholiz <barry.tycholiz@enron.com>,Karen Taylor,candidate,,,,,
17,3,Barry Tycholiz <barry.tycholiz@enron.com>,Subject,candidate,,,,,
17,3,Mark Whitt <mark.whitt@enron.com>,Karen Taylor,candidate,,,,,
17,3,Mark Whitt <mark.whitt@enron.com>,Subject,candidate,,,,,
17,3,Karen Taylor,Subject,candidate,,,,,
17,4,Ken Choyce <ken.choyce@enron.com>,Bump <j..bump@enron.com>,candidate,,,,,
17,4,Ken Choyce <ken.choyce@enron.com>,Legler <j..legler@enron.com>,candidate,,,,,
17,4,Ken Choyce <ken.choyce@enron.com>,Michelle Gross <michelle.gross@enron.com>,candidate,,,,,
17,4,Ken Choyce <ken.choyce@enron.com>,Mark Whitt <mark.whitt@enron.com>,candidate,,,,,
18,1,Kim Nguyen <kim.nguyen@enron.com>,Jeff Duff <jeff.duff@enron.com>,candidate,,,,,
18,1,Kim Nguyen <kim.nguyen@enron.com>,Ronald Brzezinski <ronald.brzezinski@enron.com>,candidate,,,,,
18,1,Kim Nguyen <kim.nguyen@enron.com>,Patricia Hunter <patricia.hunter@enron.com>,candidate,,,,,
18,1,Kim Nguyen <kim.nguyen@enron.com>,Mark Fisher <mark.fisher@enron.com>,candidate,,,,,
18,1,Jeff Duff <jeff.duff@enron.com>,Ronald Brzezinski <ronald.brzezinski@enron.com>,candidate,,,,,
18,1,Jeff Duff <jeff.duff@enron.com>,Patricia Hunter <patricia.hunter@enron.com>,candidate,,,,,
18,1,Jeff Duff <jeff.duff@enron.com>,Mark Fisher <mark.fisher@enron.com>,candidate,,,,,
18,2,Jeff Duff <jeff.duff@enron.com>,Mark Walker <mark.walker@enron.com>,candidate,,,,,
18,2,Jeff Duff <jeff.duff@enron.com>,Mark Fisher <mark.fisher@enron.com>,candidate,,,,,
18,2,Jeff Duff <jeff.duff@enron.com>,Kim Nguyen,candidate,,,,,
18,2,Jeff Duff <jeff.duff@enron.com>,Erik Ellis,candidate,,,,,
18,2,Mark Walker <mark.walker@enron.com>,Mark Fisher <mark.fisher@enron.com>,candidate,,,,,
18,2,Mark Walker <mark.walker@enron.com>,Kim Nguyen,candidate,,,,,
18,2,Mark Walker <mark.walker@enron.com>,Erik Ellis,candidate,,,,,
18,2,Mark Fisher <mark.fisher@enron.com>,Kim Nguyen,candidate,,,,,
18,2,Mark Fisher <mark.fisher@enron.com>,Erik Ellis,candidate,,,,,
18,2,Kim Nguyen,Erik Ellis,candidate,,,,,
18,3,Matthew Meyers <matthew.meyers@enron.com>,Hollis Kimbrough <hollis.kimbrough@enron.com>,candidate,,,,,
18,3,Matthew Meyers <matthew.meyers@enron.com>,Mark Fisher <mark.fisher@enron.com>,candidate,,,,,
18,3,Matthew Meyers <matthew.meyers@enron.com>,Matt Meyers,candidate,,,,,
18,3,Matthew Meyers <matthew.meyers@enron.com>,Cheryl Turner,candidate,,,,,
18,3,Hollis Kimbrough <hollis.kimbrough@enron.com>,Matt Meyers,candidate,,,,,
18,3,Hollis Kimbrough <hollis.kimbrough@enron.com>,Cheryl Turner,candidate,,,,,
18,3,Mark Fisher <mark.fisher@enron.com>,Matt Meyers,candidate,,,,,
18,3,Mark Fisher <mark.fisher@enron.com>,Cheryl Turner,candidate,,,,,
18,3,Matt Meyers,Cheryl Turner,candidate,,,,,
18,4,Hollis Kimbrough <hollis.kimbrough@enron.com>,Mark Walker <mark.walker@enron.com>,candidate,,,,,
18,4,Hollis Kimbrough <hollis.kimbrough@enron.com>,Mark Fisher <mark.fisher@enron.com>,candidate,,,,,
18,4,Hollis Kimbrough <hollis.kimbrough@enron.com>,Alan Nueman,candidate,,,,,
18,4,Mark Walker <mark.walker@enron.com>,Mark Fisher <mark.fisher@enron.com>,candidate,,,,,
18,4,Mark Walker <mark.walker@enron.com>,Alan Nueman,candidate,,,,,
18,4,Mark Fisher <mark.fisher@enron.com>,Alan Nueman,candidate,,,,,
19,1,Mo Elafandi <mo.elafandi@enron.com>,Edward Baughman <edward.baughman@enron.com>,candidate,,,,,
19,1,Mo Elafandi <mo.elafandi@enron.com>,Virginia Thompson <virginia.thompson@enron.com>,candidate,,,,,
19,1,Mo Elafandi <mo.elafandi@enron.com>,Jennifer Thome <jennifer.thome@enron.com>,candidate,,,,,
19,1,Mo Elafandi <mo.elafandi@enron.com>,Lisa Gang <lisa.gang@enron.com>,candidate,,,,,
19,1,Edward Baughman <edward.baughman@enron.com>,Lisa Gang <lisa.gang@enron.com>,candidate,,,,,
19,1,Virginia Thompson <virginia.thompson@enron.com>,Lisa Gang <lisa.gang@enron.com>,candidate,,,,,
19,1,Jennifer Thome <jennifer.thome@enron.com>,Lisa Gang <lisa.gang@enron.com>,candidate,,,,,
19,2,Jennifer Thome <jennifer.thome@enron.com>,Virginia Thompson <virginia.thompson@enron.com>,candidate,,,,,
19,2,Jennifer Thome <jennifer.thome@enron.com>,Lisa Gang <lisa.gang@enron.com>,candidate,,,,,
19,2,Jennifer Thome <jennifer.thome@enron.com>,Maricar,candidate,,,,,
19,2,Jennifer Thome <jennifer.thome@enron.com>,Janelle,candidate,,,,,
19,2,Virginia Thompson <virginia.thompson@enron.com>,Maricar,candidate,,,,,
19,2,Virginia Thompson <virginia.thompson@enron.com>,Janelle,candidate,,,,,
19,2,Lisa Gang <lisa.gang@enron.com>,Maricar,candidate,,,,,
19,2,Lisa Gang <lisa.gang@enron.com>,Janelle,candidate,,,,,
19,2,Maricar,Janelle,candidate,,,,,
19,3,Edward Baughman <edward.baughman@enron.com>,Mo Elafandi <mo.elafandi@enron.com>,candidate,,,,,
19,3,Edward Baughman <edward.baughman@enron.com>,Virginia Thompson <virginia.thompson@enron.com>,candidate,,,,,
19,3,Edward Baughman <edward.baughman@enron.com>,Jennifer Thome <jennifer.thome@enron.com>,candidate,,,,,
19,3,Edward Baughman <edward.baughman@enron.com>,Lisa Gang <lisa.gang@enron.com>,candidate,,,,,
19,3,Mo Elafandi <mo.elafandi@enron.com>,Virginia Thompson <virginia.thompson@enron.com>,candidate,,,,,
19,3,Mo Elafandi <mo.elafandi@enron.com>,Jennifer Thome <jennifer.thome@enron.com>,candidate,,,,,
19,3,Mo Elafandi <mo.elafandi@enron.com>,Lisa Gang <lisa.gang@enron.com>,candidate,,,,,
19,3,Virginia Thompson <virginia.thompson@enron.com>,Jennifer Thome <jennifer.thome@enron.com>,candidate,,,,,
19,3,Virginia Thompson <virginia.thompson@enron.com>,Lisa Gang <lisa.gang@enron.com>,candidate,,,,,
19,3,Jennifer Thome <jennifer.thome@enron.com>,Lisa Gang <lisa.gang@enron.com>,candidate,,,,,
19,4,Grace <m..grace@enron.com>,Lisa Gang <lisa.gang@enron.com>,candidate,,,,,
19,4,Grace <m..grace@enron.com>,Katina Smith <katina.smith@enron.com>,candidate,,,,,
19,4,Grace <m..grace@enron.com>,Lisa Sent,candidate,,,,,
19,4,Grace <m..grace@enron.com>,Rebecca M. Subject,candidate,,,,,
19,4,Lisa Gang <lisa.gang@enron.com>,Katina Smith <katina.smith@enron.com>,candidate,,,,,
19,4,Lisa Gang <lisa.gang@enron.com>,Lisa Sent,candidate,,,,,
19,4,Lisa Gang <lisa.gang@enron.com>,Rebecca M. Subject,candidate,,,,,
19,4,Katina Smith <katina.smith@enron.com>,Lisa Sent,candidate,,,,,
19,4,Katina Smith <katina.smith@enron.com>,Rebecca M. Subject,candidate,,,,,
19,4,Lisa Sent,Rebecca M. Subject,candidate,,,,,
20,1,Russell Dyk <russell.dyk@enron.com>,Frank Ermis <frank.ermis@enron.com>,candidate,,,,,
20,1,Russell Dyk <russell.dyk@enron.com>,Caroline Abramo <caroline.abramo@enron.com>,candidate,,,,,
20,1,Russell Dyk <russell.dyk@enron.com>,Stephen Plauche <stephen.plauche@enron.com>,candidate,,,,,
20,1,Russell Dyk <russell.dyk@enron.com>,Robyn Zivic <robyn.zivic@enron.com>,candidate,,,,,
20,1,Frank Ermis <frank.ermis@enron.com>,Caroline Abramo <caroline.abramo@enron.com>,candidate,,,,,
20,1,Frank Ermis <frank.ermis@enron.com>,Stephen Plauche <stephen.plauche@enron.com>,candidate,,,,,
20,1,Frank Ermis <frank.ermis@enron.com>,Robyn Zivic <robyn.zivic@enron.com>,candidate,,,,,
20,1,Caroline Abramo <caroline.abramo@enron.com>,Robyn Zivic <robyn.zivic@enron.com>,candidate,,,,,
20,1,Stephen Plauche <stephen.plauche@enron.com>,Robyn Zivic <robyn.zivic@enron.com>,candidate,,,,,
20,2,Kristann Shireman <kristann.shireman@enron.com>,Frank Ermis <frank.ermis@enron.com>,candidate,,,,,
20,2,Kristann Shireman <kristann.shireman@enron.com>,Keith Holst <keith.holst@enron.com>,candidate,,,,,
20,3,Phillip Allen <phillip.allen@enron.com>,Mike Grigsby <mike.grigsby@enron.com>,candidate,,,,,
20,3,Phillip Allen <phillip.allen@enron.com>,Keith Holst <keith.holst@enron.com>,candidate,,,,,
20,3,Phillip Allen <phillip.allen@enron.com>,Frank Ermis <frank.ermis@enron.com>,candidate,,,,,
20,3,Phillip Allen <phillip.allen@enron.com>,DJ Cal-ISO,candidate,,,,,
20,3,Mike Grigsby <mike.grigsby@enron.com>,Keith Holst <keith.holst@enron.com>,candidate,,,,,
20,3,Mike Grigsby <mike.grigsby@enron.com>,Frank Ermis <frank.ermis@enron.com>,candidate,,,,,
20,3,Mike Grigsby <mike.grigsby@enron.com>,DJ Cal-ISO,candidate,,,,,
20,3,Keith Holst <keith.holst@enron.com>,DJ Cal-ISO,candidate,,,,,
20,3,Frank Ermis <frank.ermis@enron.com>,DJ Cal-ISO,candidate,,,,,
20,4,Tracy Cummins <tracy.cummins@nesanet.org>,Nesamembers <nesamembers@nesanet.org>,candidate,,,,,
21,1,Feedback <feedback@intcx.com>,Sales <sales@intcx.com>,candidate,,,,,
21,1,Feedback <feedback@intcx.com>,Icehelpdesk <icehelpdesk@intcx.com>,candidate,,,,,
21,1,Feedback <feedback@intcx.com>,Lance Leffingwell,candidate,,,,,
21,1,Feedback <feedback@intcx.com>,JC Kneale,candidate,,,,,
21,1,Sales <sales@intcx.com>,Lance Leffingwell,candidate,,,,,
21,1,Sales <sales@intcx.com>,JC Kneale,candidate,,,,,
21,1,Icehelpdesk <icehelpdesk@intcx.com>,Lance Leffingwell,candidate,,,,,
21,1,Icehelpdesk <icehelpdesk@intcx.com>,JC Kneale,candidate,,,,,
21,1,Lance Leffingwell,JC Kneale,candidate,,,,,
21,2,Alan Comnes <alan.comnes@enron.com>,Robert Badeer <robert.badeer@enron.com>,candidate,,,,,
21,2,Alan Comnes <alan.comnes@enron.com>,Hall <.hall@enron.com>,candidate,,,,,
21,2,Alan Comnes <alan.comnes@enron.com>,Ryan Slinger <ryan.slinger@enron.com>,candidate,,,,,
21,2,Alan Comnes <alan.comnes@enron.com>,Alan Sent,candidate,,,,,
21,2,Robert Badeer <robert.badeer@enron.com>,Hall <.hall@enron.com>,candidate,,,,,
21,2,Robert Badeer <robert.badeer@enron.com>,Ryan Slinger <ryan.slinger@enron.com>,candidate,,,,,
21,2,Robert Badeer <robert.badeer@enron.com>,Alan Sent,candidate,,,,,
21,2,Hall <.hall@enron.com>,Alan Sent,candidate,,,,,
21,2,Ryan Slinger <ryan.slinger@enron.com>,Alan Sent,candidate,,,,,
21,3,Ken Adams <ken.adams@intcx.com>,Stephanie Sever <stephanie.sever@enron.com>,candidate,,,,,
21,3,Ken Adams <ken.adams@intcx.com>,Ryan Slinger <ryan.slinger@enron.com>,candidate,,,,,
21,3,Ken Adams <ken.adams@intcx.com>,Bill Williams <bill.williams@enron.com>,candidate,,,,,
21,3,Ken Adams <ken.adams@intcx.com>,Rudy Reynolds,candidate,,,,,
21,3,Stephanie Sever <stephanie.sever@enron.com>,Rudy Reynolds,candidate,,,,,
21,3,Ryan Slinger <ryan.slinger@enron.com>,Rudy Reynolds,candidate,,,,,
21,3,Bill Williams <bill.williams@enron.com>,Rudy Reynolds,candidate,,,,,
22,1,Michelle Lokay <michelle.lokay@enron.com>,Rod Hayslett <rod.hayslett@enron.com>,candidate,,,,,
22,1,Michelle Lokay <michelle.lokay@enron.com>,Jan Moore <jan.moore@enron.com>,candidate,,,,,
22,1,Michelle Lokay <michelle.lokay@enron.com>,Steve Kleb <steve.kleb@enron.com>,candidate,,,,,
22,1,Michelle Lokay <michelle.lokay@enron.com>,Tracy Geaccone <tracy.geaccone@enron.com>,candidate,,,,,
22,1,Rod Hayslett <rod.hayslett@enron.com>,Jan Moore <jan.moore@enron.com>,candidate,,,,,
22,1,Rod Hayslett <rod.hayslett@enron.com>,Steve Kleb <steve.kleb@enron.com>,candidate,,,,,
22,1,Rod Hayslett <rod.hayslett@enron.com>,Tracy Geaccone <tracy.geaccone@enron.com>,candidate,,,,,
22,1,Jan Moore <jan.moore@enron.com>,Steve Kleb <steve.kleb@enron.com>,candidate,,,,,
22,1,Jan Moore <jan.moore@enron.com>,Tracy Geaccone <tracy.geaccone@enron.com>,candidate,,,,,
22,1,Steve Kleb <steve.kleb@enron.com>,Tracy Geaccone <tracy.geaccone@enron.com>,candidate,,,,,
22,2,Tk Lohman <tk.lohman@enron.com>,Lorraine Lindberg <lorraine.lindberg@enron.com>,candidate,,,,,
22,2,Tk Lohman <tk.lohman@enron.com>,Kimberly Watson <kimberly.watson@enron.com>,candidate,,,,,
22,2,Tk Lohman <tk.lohman@enron.com>,Lindy Donoho <lindy.donoho@enron.com>,candidate,,,,,
22,2,Tk Lohman <tk.lohman@enron.com>,Waha,candidate,,,,,
22,2,Lorraine Lindberg <lorraine.lindberg@enron.com>,Waha,candidate,,,,,
22,2,Kimberly Watson <kimberly.watson@enron.com>,Waha,candidate,,,,,
22,2,Lindy Donoho <lindy.donoho@enron.com>,Waha,candidate,,,,,
22,3,Elizabeth Brown <elizabeth.brown@enron.com>,Lindy Donoho <lindy.donoho@enron.com>,candidate,,,,,
22,3,Elizabeth Brown <elizabeth.brown@enron.com>,Lachandra Fenceroy <lachandra.fenceroy@enron.com>,candidate,,,,,
22,3,Elizabeth Brown <elizabeth.brown@enron.com>,Joanne Bisbee <joanne.bisbee@enron.com>,candidate,,,,,
22,3,Elizabeth Brown <elizabeth.brown@enron.com>,Wendy Koh <wendy.koh@enron.com>,candidate,,,,,
22,3,Lindy Donoho <lindy.donoho@enron.com>,Lachandra Fenceroy <lachandra.fenceroy@enron.com>,candidate,,,,,
22,3,Lindy Donoho <lindy.donoho@enron.com>,Joanne Bisbee <joanne.bisbee@enron.com>,candidate,,,,,
22,3,Lindy Donoho <lindy.donoho@enron.com>,Wendy Koh <wendy.koh@enron.com>,candidate,,,,,
22,3,Lachandra Fenceroy <lachandra.fenceroy@enron.com>,Joanne Bisbee <joanne.bisbee@enron.com>,candidate,,,,,
22,3,Lachandra Fenceroy <lachandra.fenceroy@enron.com>,Wendy Koh <wendy.koh@enron.com>,candidate,,,,,
22,3,Joanne Bisbee <joanne.bisbee@enron.com>,Wendy Koh <wendy.koh@enron.com>,candidate,,,,,
22,4,Maria Pavlou <maria.pavlou@enron.com>,Kay Miller <kay.miller@enron.com>,candidate,,,,,
22,4,Maria Pavlou <maria.pavlou@enron.com>,Porter <j..porter@enron.com>,candidate,,,,,
22,4,Maria Pavlou <maria.pavlou@enron.com>,Lindy Donoho <lindy.donoho@enron.com>,candidate,,,,,
22,4,Maria Pavlou <maria.pavlou@enron.com>,Mary Kay Sent,candidate,,,,,
22,4,Kay Miller <kay.miller@enron.com>,Porter <j..porter@enron.com>,candidate,,,,,
22,4,Kay Miller <kay.miller@enron.com>,Lindy Donoho <lindy.donoho@enron.com>,candidate,,,,,
22,4,Kay Miller <kay.miller@enron.com>,Mary Kay Sent,candidate,,,,,
22,4,Porter <j..porter@enron.com>,Lindy Donoho <lindy.donoho@enron.com>,candidate,,,,,
22,4,Porter <j..porter@enron.com>,Mary Kay Sent,candidate,,,,,
22,4,Lindy Donoho <lindy.donoho@enron.com>,Mary Kay Sent,candidate,,,,,
23,1,Brian Redmond <brian.redmond@enron.com>,Thomas Martin <thomas.martin@enron.com>,candidate,,,,,
23,1,Brian Redmond <brian.redmond@enron.com>,Jim Schwieger <jim.schwieger@enron.com>,candidate,,,,,
23,1,Brian Redmond <brian.redmond@enron.com>,Jim Coffey <jim.coffey@enron.com>,candidate,,,,,
23,1,Brian Redmond <brian.redmond@enron.com>,Tom,candidate,,,,,
23,1,Thomas Martin <thomas.martin@enron.com>,Jim Schwieger <jim.schwieger@enron.com>,candidate,,,,,
23,1,Thomas Martin <thomas.martin@enron.com>,Jim Coffey <jim.coffey@enron.com>,candidate,,,,,
23,1,Thomas Martin <thomas.martin@enron.com>,Tom,candidate,,,,,
23,1,Jim Schwieger <jim.schwieger@enron.com>,Jim Coffey <jim.coffey@enron.com>,candidate,,,,,
23,1,Jim Schwieger <jim.schwieger@enron.com>,Tom,candidate,,,,,
23,1,Jim Coffey <jim.coffey@enron.com>,Tom,candidate,,,,,
23,2,Jim Schwieger <jim.schwieger@enron.com>,Greg A. Swidensky,candidate,,,,,
23,2,Jim Schwieger <jim.schwieger@enron.com>,Jim Subject,candidate,,,,,
23,2,Greg A. Swidensky,Jim Subject,candidate,,,,,
23,3,Kenny Soignet <kenny.soignet@enron.com>,Troy Denetsosie <troy.denetsosie@enron.com>,candidate,,,,,
23,3,Kenny Soignet <kenny.soignet@enron.com>,Jim Coffey <jim.coffey@enron.com>,candidate,,,,,
23,3,Kenny Soignet <kenny.soignet@enron.com>,Bammel,candidate,,,,,
23,3,Troy Denetsosie <troy.denetsosie@enron.com>,Bammel,candidate,,,,,
23,3,Jim Coffey <jim.coffey@enron.com>,Bammel,candidate,,,,,
23,4,Bryan Hull <bryan.hull@enron.com>,Jim Schwieger <jim.schwieger@enron.com>,candidate,,,,,
23,4,Bryan Hull <bryan.hull@enron.com>,Walter Guidroz <walter.guidroz@enron.com>,candidate,,,,,
23,4,Bryan Hull <bryan.hull@enron.com>,Westpark,candidate,,,,,
23,4,Bryan Hull <bryan.hull@enron.com>,Patrick,candidate,,,,,
23,4,Jim Schwieger <jim.schwieger@enron.com>,Walter Guidroz <walter.guidroz@enron.com>,candidate,,,,,
23,4,Jim Schwieger <jim.schwieger@enron.com>,Westpark,candidate,,,,,
23,4,Jim Schwieger <jim.schwieger@enron.com>,Patrick,candidate,,,,,
23,4,Walter Guidroz <walter.guidroz@enron.com>,Westpark,candidate,,,,,
23,4,Walter Guidroz <walter.guidroz@enron.com>,Patrick,candidate,,,,,
23,4,Westpark,Patrick,candidate,,,,,
24,1,Chris Meyer <chris.meyer@enron.com>,Fred Mitro <fred.mitro@enron.com>,candidate,,,,,
24,1,Chris Meyer <chris.meyer@enron.com>,Dave Kellermeyer <dave.kellermeyer@enron.com>,candidate,,,,,
24,1,Chris Meyer <chris.meyer@enron.com>,Benjamin Rogers <benjamin.rogers@enron.com>,candidate,,,,,
24,1,Chris Meyer <chris.meyer@enron.com>,Rebecca Cantrell <rebecca.cantrell@enron.com>,candidate,,,,,
24,1,Fred Mitro <fred.mitro@enron.com>,Dave Kellermeyer <dave.kellermeyer@enron.com>,candidate,,,,,
24,1,Fred Mitro <fred.mitro@enron.com>,Benjamin Rogers <benjamin.rogers@enron.com>,candidate,,,,,
24,1,Fred Mitro <fred.mitro@enron.com>,Rebecca Cantrell <rebecca.cantrell@enron.com>,candidate,,,,,
24,1,Dave Kellermeyer <dave.kellermeyer@enron.com>,Benjamin Rogers <benjamin.rogers@enron.com>,candidate,,,,,
24,1,Dave Kellermeyer <dave.kellermeyer@enron.com>,Rebecca Cantrell <rebecca.cantrell@enron.com>,candidate,,,,,
24,1,Benjamin Rogers <benjamin.rogers@enron.com>,Rebecca Cantrell <rebecca.cantrell@enron.com>,candidate,,,,,
24,2,Claire Broido <claire.broido@enron.com>,Bryan Garrett <bryan.garrett@enron.com>,candidate,,,,,
24,2,Claire Broido <claire.broido@enron.com>,Benjamin Rogers <benjamin.rogers@enron.com>,candidate,,,,,
24,2,Claire Broido <claire.broido@enron.com>,Jason Wiesepape <jason.wiesepape@enron.com>,candidate,,,,,
24,2,Claire Broido <claire.broido@enron.com>,Joseph Capasso <joseph.capasso@enron.com>,candidate,,,,,
24,3,Stuart Zisman <stuart.zisman@enron.com>,Mitch Robinson <mitch.robinson@enron.com>,candidate,,,,,
24,3,Stuart Zisman <stuart.zisman@enron.com>,Benjamin Rogers <benjamin.rogers@enron.com>,candidate,,,,,
24,3,Stuart Zisman <stuart.zisman@enron.com>,Don Miller <don.miller@enron.com>,candidate,,,,,
24,4,Tirwin <tirwin@alleghenyenergy.com>,Ron Coker <ron.coker@enron.com>,candidate,,,,,
24,4,Tirwin <tirwin@alleghenyenergy.com>,Benjamin Rogers <benjamin.rogers@enron.com>,candidate,,,,,
25,1,Ben Thomason <ben.thomason@enron.com>,Dutch Quigley <dutch.quigley@enron.com>,candidate,,,,,
25,1,Ben Thomason <ben.thomason@enron.com>,Paul Burkhart <paul.burkhart@enron.com>,candidate,,,,,
25,1,Ben Thomason <ben.thomason@enron.com>,Jaime Araoz <jaime.araoz@enron.com>,candidate,,,,,
25,1,Dutch Quigley <dutch.quigley@enron.com>,Paul Burkhart <paul.burkhart@enron.com>,candidate,,,,,
25,1,Dutch Quigley <dutch.quigley@enron.com>,Jaime Araoz <jaime.araoz@enron.com>,candidate,,,,,
25,2,Feedback <feedback@intcx.com>,Sales <sales@intcx.com>,candidate,,,,,
25,2,Feedback <feedback@intcx.com>,Icehelpdesk <icehelpdesk@intcx.com>,candidate,,,,,
25,2,Feedback <feedback@intcx.com>,Fri,candidate,,,,,
25,2,Feedback <feedback@intcx.com>,Bud Hum,candidate,,,,,
25,2,Sales <sales@intcx.com>,Fri,candidate,,,,,
25,2,Sales <sales@intcx.com>,Bud Hum,candidate,,,,,
25,2,Icehelpdesk <icehelpdesk@intcx.com>,Fri,candidate,,,,,
25,2,Icehelpdesk <icehelpdesk@intcx.com>,Bud Hum,candidate,,,,,
25,2,Fri,Bud Hum,candidate,,,,,
25,3,Greg Mcelwee <greg.mcelwee@csfb.com>,Dutch Quigley <dutch.quigley@enron.com>,candidate,,,,,
25,3,Greg Mcelwee <greg.mcelwee@csfb.com>,Guillaume Malle <guillaume.malle@csfb.com>,candidate,,,,,
25,3,Greg Mcelwee <greg.mcelwee@csfb.com>,Subject,candidate,,,,,
25,3,Dutch Quigley <dutch.quigley@enron.com>,Guillaume Malle <guillaume.malle@csfb.com>,candidate,,,,,
25,3,Dutch Quigley <dutch.quigley@enron.com>,Subject,candidate,,,,,
25,3,Guillaume Malle <guillaume.malle@csfb.com>,Subject,candidate,,,,,
25,4,Feedback <feedback@intcx.com>,Sales <sales@intcx.com>,candidate,,,,,
25,4,Feedback <feedback@intcx.com>,Icehelpdesk <icehelpdesk@intcx.com>,candidate,,,,,
25,4,Sales <sales@intcx.com>,Icehelpdesk <icehelpdesk@intcx.com>,candidate,,,,,
26,1,Valeried <valeried@timberline.com>,Jkorsmo <jkorsmo@rhconst.com>,candidate,,,,,
26,1,Valeried <valeried@timberline.com>,Mark Guzman <mark.guzman@enron.com>,candidate,,,,,
26,1,Valeried <valeried@timberline.com>,Dad,candidate,,,,,
26,1,Jkorsmo <jkorsmo@rhconst.com>,Dad,candidate,,,,,
26,1,Mark Guzman <mark.guzman@enron.com>,Dad,candidate,,,,,
26,2,Ben Pacewic <ben.pacewic@phs.com>,Chartman <chartman@nbsrealtors.com>,candidate,,,,,
26,2,Ben Pacewic <ben.pacewic@phs.com>,Mark Guzman <mark.guzman@enron.com>,candidate,,,,,
26,2,Ben Pacewic <ben.pacewic@phs.com>,Kevin,candidate,,,,,
26,2,Ben Pacewic <ben.pacewic@phs.com>,Chris,candidate,,,,,
26,2,Chartman <chartman@nbsrealtors.com>,Kevin,candidate,,,,,
26,2,Chartman <chartman@nbsrealtors.com>,Chris,candidate,,,,,
26,2,Mark Guzman <mark.guzman@enron.com>,Kevin,candidate,,,,,
26,2,Mark Guzman <mark.guzman@enron.com>,Chris,candidate,,,,,
26,2,Kevin,Chris,candidate,,,,,
26,3,Bill Iii <bill.iii@enron.com>,Pete Davis <pete.davis@enron.com>,candidate,,,,,
26,4,Tim Belden <tim.belden@enron.com>,Dan Dietrich <dan.dietrich@enron.com>,candidate,,,,,
27,1,Kate Joslyn <kate.joslyn@enron.com>,John Zufferli <john.zufferli@enron.com>,candidate,,,,,
27,1,Kate Joslyn <kate.joslyn@enron.com>,Albert Luc <albert.luc@enron.com>,candidate,,,,,
27,1,Kate Joslyn <kate.joslyn@enron.com>,Brian Gillis <brian.gillis@enron.com>,candidate,,,,,
27,2,Mark Dupuy <mark.dupuy@enron.com>,John Zufferli <john.zufferli@enron.com>,candidate,,,,,
27,2,Mark Dupuy <mark.dupuy@enron.com>,Robert Hemstock <robert.hemstock@enron.com>,candidate,,,,,
27,2,Mark Dupuy <mark.dupuy@enron.com>,Joslyn,candidate,,,,,
27,2,Mark Dupuy <mark.dupuy@enron.com>,Kate,candidate,,,,,
27,2,John Zufferli <john.zufferli@enron.com>,Robert Hemstock <robert.hemstock@enron.com>,candidate,,,,,
27,2,John Zufferli <john.zufferli@enron.com>,Joslyn,candidate,,,,,
27,2,John Zufferli <john.zufferli@enron.com>,Kate,candidate,,,,,
27,2,Robert Hemstock <robert.hemstock@enron.com>,Joslyn,candidate,,,,,
27,2,Robert Hemstock <robert.hemstock@enron.com>,Kate,candidate,,,,,
27,2,Joslyn,Kate,candidate,,,,,
27,3,Greg Johnston <greg.johnston@enron.com>,John Zufferli <john.zufferli@enron.com>,candidate,,,,,
27,3,Greg Johnston <greg.johnston@enron.com>,Eric Le <eric.le@enron.com>,candidate,,,,,
27,3,Greg Johnston <greg.johnston@enron.com>,Dianne Seib <dianne.seib@enron.com>,candidate,,,,,
27,3,Greg Johnston <greg.johnston@enron.com>,Chris Christopher,candidate,,,,,
27,3,John Zufferli <john.zufferli@enron.com>,Eric Le <eric.le@enron.com>,candidate,,,,,
27,3,John Zufferli <john.zufferli@enron.com>,Dianne Seib <dianne.seib@enron.com>,candidate,,,,,
27,3,John Zufferli <john.zufferli@enron.com>,Chris Christopher,candidate,,,,,
27,3,Eric Le <eric.le@enron.com>,Chris Christopher,candidate,,,,,
27,3,Dianne Seib <dianne.seib@enron.com>,Chris Christopher,candidate,,,,,
27,4,Carol Moline <carol.moline@powerpool.ab.ca>,John Davies <john.davies@lethbridgeironworks.com>,candidate,,,,,
27,4,Carol Moline <carol.moline@powerpool.ab.ca>,John Zufferli <john.zufferli@enron.com>,candidate,,,,,
28,1,Phillip Allen <phillip.allen@enron.com>,Mike Grigsby <mike.grigsby@enron.com>,candidate,,,,,
28,1,Phillip Allen <phillip.allen@enron.com>,Jane Tholt <jane.tholt@enron.com>,candidate,,,,,
28,1,Phillip Allen <phillip.allen@enron.com>,Frank Ermis <frank.ermis@enron.com>,candidate,,,,,
28,1,Phillip Allen <phillip.allen@enron.com>,Tori Kuykendall <tori.kuykendall@enron.com>,candidate,,,,,
28,2,Phillip Allen <phillip.allen@enron.com>,Gthorse <gthorse@keyad.com>,candidate,,,,,
28,2,Phillip Allen <phillip.allen@enron.com>,Djack <djack@keyad.com>,candidate,,,,,
28,2,Phillip Allen <phillip.allen@enron.com>,Hugo Alexandro,candidate,,,,,
28,2,Gthorse <gthorse@keyad.com>,Hugo Alexandro,candidate,,,,,
28,2,Djack <djack@keyad.com>,Hugo Alexandro,candidate,,,,,
28,3,Critical Notice <critical.notice@enron.com>,Ywang <ywang@enron.com>,candidate,,,,,
28,3,Critical Notice <critical.notice@enron.com>,Patti Sullivan <patti.sullivan@enron.com>,candidate,,,,,
28,3,Critical Notice <critical.notice@enron.com>,Phillip Allen <phillip.k.allen@enron.com>,candidate,,,,,
28,3,Critical Notice <critical.notice@enron.com>,Jane Tholt <jane.m.tholt@enron.com>,candidate,,,,,
28,4,Phillip Allen Mock,Tara Sweitzer <tara.sweitzer@enron.com>,candidate,,,,,
28,4,Phillip Allen Mock,Brenda Flores Cuellar <brenda.flores-cuellar@enron.com>,candidate,,,,,
28,4,Phillip Allen Mock,Keith Holst IM-West-Change,candidate,,,,,
28,4,Phillip Allen Mock,Bob Shiring,candidate,,,,,
28,4,Tara Sweitzer <tara.sweitzer@enron.com>,Brenda Flores Cuellar <brenda.flores-cuellar@enron.com>,candidate,,,,,
28,4,Tara Sweitzer <tara.sweitzer@enron.com>,Keith Holst IM-West-Change,candidate,,,,,
28,4,Tara Sweitzer <tara.sweitzer@enron.com>,Bob Shiring,candidate,,,,,
28,4,Brenda Flores Cuellar <brenda.flores-cuellar@enron.com>,Keith Holst IM-West-Change,candidate,,,,,
28,4,Brenda Flores Cuellar <brenda.flores-cuellar@enron.com>,Bob Shiring,candidate,,,,,
28,4,Keith Holst IM-West-Change,Bob Shiring,candidate,,,,,
29,1,Geoff Pollard <geoff.pollard@enron.com>,Jeff Dasovich <jeff.dasovich@enron.com>,candidate,,,,,
29,1,Geoff Pollard <geoff.pollard@enron.com>,John Larsen <john.larsen@enron.com>,candidate,,,,,
29,1,Geoff Pollard <geoff.pollard@enron.com>,Bob Kinert,candidate,,,,,
29,1,Geoff Pollard <geoff.pollard@enron.com>,John Sent,candidate,,,,,
29,1,Jeff Dasovich <jeff.dasovich@enron.com>,John Larsen <john.larsen@enron.com>,candidate,,,,,
29,1,Jeff Dasovich <jeff.dasovich@enron.com>,Bob Kinert,candidate,,,,,
29,1,Jeff Dasovich <jeff.dasovich@enron.com>,John Sent,candidate,,,,,
29,1,John Larsen <john.larsen@enron.com>,Bob Kinert,candidate,,,,,
29,1,John Larsen <john.larsen@enron.com>,John Sent,candidate,,,,,
29,1,Bob Kinert,John Sent,candidate,,,,,
29,2,Dirk Vanulden <dirk.vanulden@enron.com>,Jeff Dasovich <jeff.dasovich@enron.com>,candidate,,,,,
29,2,Dirk Vanulden <dirk.vanulden@enron.com>,Rob Cone' Cc,candidate,,,,,
29,2,Dirk Vanulden <dirk.vanulden@enron.com>,Richard Crevelt <richard.crevelt@enron.com>,candidate,,,,,
29,2,Dirk Vanulden <dirk.vanulden@enron.com>,Bob,candidate,,,,,
29,2,Jeff Dasovich <jeff.dasovich@enron.com>,Rob Cone' Cc,candidate,,,,,
29,2,Jeff Dasovich <jeff.dasovich@enron.com>,Bob,candidate,,,,,
29,2,Rob Cone' Cc,Richard Crevelt <richard.crevelt@enron.com>,candidate,,,,,
29,2,Rob Cone' Cc,Bob,candidate,,,,,
29,2,Richard Crevelt <richard.crevelt@enron.com>,Bob,candidate,,,,,
29,3,Dirk Vanulden <dirk.vanulden@enron.com>,Rob Cone <rob.cone@enron.com>,candidate,,,,,
29,3,Dirk Vanulden <dirk.vanulden@enron.com>,Robertb <robertb@csufresno.edu>,candidate,,,,,
29,3,Dirk Vanulden <dirk.vanulden@enron.com>,Dicks <dicks@csufresno.edu>,candidate,,,,,
29,3,Dirk Vanulden <dirk.vanulden@enron.com>,Jeff Dasovich <jeff.dasovich@enron.com>,candidate,,,,,
29,3,Rob Cone <rob.cone@enron.com>,Robertb <robertb@csufresno.edu>,candidate,,,,,
29,3,Rob Cone <rob.cone@enron.com>,Dicks <dicks@csufresno.edu>,candidate,,,,,
29,3,Rob Cone <rob.cone@enron.com>,Jeff Dasovich <jeff.dasovich@enron.com>,candidate,,,,,
29,4,Dirk Vanulden <dirk.vanulden@enron.com>,Skrein <skrein@csc.com>,candidate,,,,,
29,4,Dirk Vanulden <dirk.vanulden@enron.com>,Jeff Dasovich <jeff.dasovich@enron.com>,candidate,,,,,
29,4,Dirk Vanulden <dirk.vanulden@enron.com>,Steve Krein,candidate,,,,,
29,4,Dirk Vanulden <dirk.vanulden@enron.com>,Dirk A.van Ulden,candidate,,,,,
29,4,Skrein <skrein@csc.com>,Steve Krein,candidate,,,,,
29,4,Skrein <skrein@csc.com>,Dirk A.van Ulden,candidate,,,,,
29,4,Jeff Dasovich <jeff.dasovich@enron.com>,Steve Krein,candidate,,,,,
29,4,Jeff Dasovich <jeff.dasovich@enron.com>,Dirk A.van Ulden,candidate,,,,,
29,4,Steve Krein,Dirk A.van Ulden,candidate,,,,,
